{"MEAN": [0.7225017547607422, 0.5691726207733154, 0.5376977324485779], "VAR": [0.1584133356809616, 0.14127181470394135, 0.16928130388259888]}